Merge commit,Parent 1,Parent 2
a349dc2661b083652183c2d54eeee838d39135c2,b91a29fff,5df0a7217
e70d73e5e101553d1bd3e086b1277ca700e12559,1a8ec6cf8,7cb86243b
23a3888e1b40ec25b39c7bc2741b8047e6ee374e,09650cfa8,979c12864
0f8e0836957e523c72214dd962f9e184ae159955,567c1b5e7,602eca2c0
fbc95de4c2cd6413fb235285a7063b1df00ce48e,cc042a44e,6971600bc
1b9b249f43bd90caefed24c393ace6c086b72ddf,18435529d,6971600bc
5983d90dda6ab2b389b37338b16a1cedc2ad5f71,e02140187,6971600bc
b7b34ff36dfb5ed189ac5eeb00f61dc0bc85f970,37fa55483,3e8ced618
869c49d8e9f1fe370119a87a4a6a1b88a5384828,21928d3cf,18435529d
4e03afb1b6d71015cc48409ecdc04737110f92dc,b510f99c8,1eebbbb07
2672d7afbbb54c246de9999c147747e88d7a0afe,73bf0467a,1eebbbb07
901c5342a3bebf314672c821e9e7bede2ac15b94,88da71441,2672d7afb
777a1298bc1bd4f9c2ac8787c95c9a42e1cac5d5,901c5342a,641b1e01f
ffb58fbd850c61299545fb4353a0f7cefd632a99,c7ad38d62,641b1e01f
b960ac2c828b2500708b37d376ee512ec15b2ade,ea91edb63,68a3dd393
edd8701d204e88993e959f884b84fb95bd6e9cb2,cb49d5027,9e08c89a9
96a85cd851c1653134910e1ccff973be02dfc586,bdb9ea0ac,4e49f8594
2753c1c3075435711c1578a3464dfc5eb32ca219,78e507f54,4e49f8594
509707414db16278781d95ea3e9a215152db238f,285acd527,474bbf319
a180f39eb1ed1aa9e86f1bed160acc8e905161c8,e9fc39bfb,679e1d5cd
2efb591f3204590902a5d758dccb77cfd6a2eba7,796d6ff82,679e1d5cd
4c9eedaea211b85344e4b8bb565f90e4c49cd13d,b1267e730,2efb591f3
e7dc90a3e5c729a20388e91faa6d0de20ae06aa8,5e523087f,62f622863
a00c5d3c423498121eebf4094b319f92befbedd6,02bc2be27,f2dcd039f
3f736d7300e8c80706894b96171f2ceaf85b8a03,2b1af56bf,f2dcd039f
3d5385198e6c7ab5ff1e36c0a46903e2624a425a,f1f3ee2f0,b07c02dbf
7fa3e0678e7576387051d4e344e35645033a8b53,3f736d730,a63a572f8
a8c71ea1686ac82fc58490bca00ff8f7f63592b0,7033e0fb1,d6afc5b97
71c29d0a7fe2ff14fbcd0630a70e4a62ae01644d,65ac0ce88,18819d7fa
7d91b0a1a3dc24096dbfe1526f8a15d1e5a2bbe5,69ee67861,3fb68dce5
948644d77b8988f39184cd86456ab087a4652c4b,669001f0f,f4b3d82dd
0de3d054a796123dbefe8bc4ee91188a849cafc2,f946d4aef,bbd884ae3
3d1c22f7ffeb7dd091a3e8c0b431e7bd69b49f8e,a49144ef9,bbd884ae3
210c546cfcc1f44964903689d83f6619361f8e51,3f7d24c92,3d1c22f7f
adeef976bc37a2ac047f35e51eed72e0bd3bef7c,4d3a19499,3d1c22f7f
472b3e35c07b66d213f454bdc108a6044eda8949,210c546cf,218f0570e
127e4071e7aa0c020f4a2f1e21323543aa4309b6,aae014342,07e1afde0
f8bc8678448df9ae95e4fa52315ed88f50271fca,1679e1971,29eaf0e5a
ab9b1220eec754870a6a2c654132883e014e9007,f8bc86784,d9554a5b9
892758d04a38ea4091ab448614138e39ed6fa007,abe83aa8d,6cf307ab1
c63b07261c9e4fe81020f66478aafda277cea424,b68917c06,3891839d7
a9309e810ab49c3e3e7355a118f492b5b5dba1e5,c50ba9b50,6c51b1a3d
99fa79ab45e5d24ef749d8da42bce67a7dec6fc9,472b3e35c,a9309e810
72a09c02c33022a234a699319dfc4a94d07d0d85,a755b4e13,99fa79ab4
3f9cb465ff523237fc805221272a03fad4c97d21,927373bab,2c3c94421
18236fed4fcbf5544d5fcfda57717504a1ff8493,3f9cb465f,5a0031105
8a1a06832d9a57560c141fe15257bdfc9c58dc81,8a9d44b2f,54ea59a11
79f45c22723428180539072d5191b19d86650b74,df55c7460,8a1a06832
bb6064a6881c315befe238363e590e6d225ac07c,8a1a06832,03f1e0c6f
9c8e0119ba0e0114b0f2dd114e0e7337690df2f6,adeef976b,bb6064a68
f303007985f2e12e618bc9a99b17b82be77208a2,812604c8e,414bbde7b
c9bec07b51e928efac16d4f5db21875c07c51dba,efcdd2626,f318a72df
58df0dde2af2b94df3bc4e46d6240b56203d3aa5,1fc80678e,79f45c227
5d4c5d0d603d43a9d5ae58949c7a0873dca888f2,1fc80678e,79f45c227
97ddd2b65b6c4f525af8aa2d1c5986b0f368e5ad,58df0dde2,bfd86e8fe
68146711094a1da5717857f181784926c1e6b9a6,35f75b826,48f275c71
af8bca85cf339c8f57eddb69f0e949119eb99189,79f45c227,e09f9ea56
d18f0ce071c402ae09eb2b282331977194614e43,943cfcf47,b20e97b0c
c5e1e4e6accfb8a0b8934f5dd31a02e51e149048,29caea47b,cbe821389
0bd1e96daf2ba02e361b8aa2a2280f2001ec6983,0c0ad0bda,c5e1e4e6a
15b5cc1bd943af19201fea9625a642d18500ee99,127165a36,864d6a518
d6a50171f5a8561e5fa47aa9034bf1293ec6f8c9,c6508d60f,95b86aff2
33d01196bced9bd1e01e4f9bdf70605c5eb08225,15b5cc1bd,d6a50171f
8667c2e1dc722ed8542af86854c03a99ef658f41,5e36e0d12,bf6826422
2ba0a1c3b273c6716f8637848b457f1b3bb8357a,0e8dc5ddd,adc970adf
97f8adf98395abee0de8f9e40da6f13abb0d0615,64694b1b4,1c83b2827
b2daa523a27ec0e977cc1e9ee81e971909852ba0,47ff45632,ebfba930e
c4a4a0a48e9a5d3ce4d5796c8ce27a503f62bcb9,5f31574c1,b2daa523a
a0b1171b72c791219425aeced879d721a6a6ccf7,ea4b3b8eb,6efd34a18
788aa246bf20ad4a2995be559948c65e009f898c,4aab0772f,b2daa523a
d05fba17409b0c682ada9c8cd6747b8f91f27175,ff63c3f59,b9a57b9b8
9b1560027c72ff11d645b097531133795694e33b,0ea66814b,f0e35dcca
52fc2ca3d9bd92b484b48d70197fc47c530c810e,9b1560027,393f62458
4e4efde943fea822f5c7650abec78cba5a3be63d,becb46af6,d93b8da56
afae7fb3f4cbbfedd3732786c75f4a52c7381df9,b46736178,935e7ac74
470f60ecfbc13f49b1979dc72a31084bfb185f7f,02829a2ca,afae7fb3f
51284f24a7649a022e8e2c3b2475d16e471f9f1f,eb46654e5,c79f0e321
95aab9fdb6ddeb845f5fcf86417d919cb3d19c0e,efc6f4ff4,27e1f6fac
969bc6b4559c617126f031499871dd09311c86c7,ea59245e2,04f525284
3b0211929c0c8be13cbf325e7aed303aaf916e1a,bbafb4387,090985acb
ab97723dc2045d3b4267838df239fae843770bd0,320c4118d,1f412ce88
3ae9933e7e71a58a602fd02c1cbfd21682808cb2,cffd8d763,46ab6674a
70e06f1d128a41c019296bcbedd45ebf99c3c9da,7d73231f0,4d2001e64
d84f12e0a99bc1be34e150f124bb980138a22d00,4a918dd11,4d2001e64
df8245286b29ea7a5807e699e7935a9dc048a086,31d2adb68,ce3d234b8
a87680cca099e160e197e0e968a7d4363446684e,31d2adb68,c2bdfca64
699f62b7d0572060df3c5e7017e1a9a87f41df81,1b4c57abe,e420db390
7893dec6db580383dac05c2dbd7c375b11e0aab9,70e06f1d1,6dd690ba3
48b2bffbb0e6d8230dc0005700262df18b9e2203,7893dec6d,f15e2cdc8
edb84f614b08ceebe4bce963859dadd299505961,f67806698,f15e2cdc8
6cf1e0cce3b534814b093033a2e48174dc8050fd,48b2bffbb,3b74babde
12a72ae97d065c089ff6d7ba388124d57d6e63c6,3b74babde,2ae78322d
e8b1c8d6775e0835863dd9a6a2d2230f86ee54f0,6cf1e0cce,caed939ff
1cdbe4c5d7227f0dbeafa3acb191b2302d843bd9,33d01196b,caed939ff
fb1f9d0a61cccc6ecfdc1b3937d4e47db8db2a1f,450f114ee,caed939ff
440665755931e91fa34735db34330d27512553d0,d2b16baab,86ea8933a
753c5525a167a47b25a592fa501ca0ecb6c48945,c18858efa,f4122146d
d1f50ea900d5217c09d3379909ad50dca592b05f,a4ba2112c,7bbd8d52e
07b11458b509780b0191c2697f7592e631d9eb00,429ee6ea9,cf7701947
f313532b52659f487983e1114606293c73883ab0,ed5b6217c,f4122146d
fa9f752695701156dfeb3c25558af6bd19a9c74a,34d0c0d8a,bd9a349cd
b166e2c16c706c8efeef000f55def76bc46a1b6b,61293023f,dd3637987
1f704b90ad06cecfba0df3edb6d925f14352ffc0,6c955d2c5,883c030fa
a647964a64c3cf1016aa8deacf7e723a46534850,382807d51,1f704b90a
86ea2b17a1a6f035cd30641388005eef5229d7fe,e8b1c8d67,fa9f75269
f92875751e9219a2146074decbc741e2d83a1d11,6d30c0c86,2319440fb
d4e8ace265de9349749c7bf837dc6bc1a13b5dc8,8f6996169,f085f1884
12848450acfd63ac4f44131264c345a858289125,7e263fe76,29a6e72b5
f3db691cf0c6cc347fcb1d6eb667d98ab308f29f,c909562a4,29a6e72b5
1c3f6735245467ab7aa1be3fcfc5e5c0e4b158c1,421e36d30,233e2d0dd
a217403fecbbd540e7536cb30cc4626eaf1ab97d,5d8be456d,db4c0faea
09621045844f27142007fa0f00f94dc687e9714c,39c00ccaa,a8ed5071e
42f041942bd907a9243108948fa6995983895abf,f1cae3564,ba08dfe6a
53a4c422cca2b50909dd95071fc36b0746c7f776,0843f7066,56c56942f
62278e2ea8c7725bdb380d65fc0256eaf318a15f,89ebfa0f0,9af5aafd3
15566568a5f6108c7096af2791618e77474cc03a,0d3e50a3d,37e2be0d7
1c8846a30b519b470bc5127e2e117c0c121bd414,4008155f4,249d3631b
e4a537d329f8e932750fc81385d5601a058d7895,2e97c8714,15566568a
699360582e6a4931e6e0825de1de4884ef364bc6,bd364e306,cfb8b9f10
fe5614bea5b74ff403b13eab2b38167f0f492883,15566568a,6293a9507
22cc1d0fde86013c69a9da7e1fc6626b8dd7f3da,fe5614bea,66a2aa094
f1e5ec710bdd4d2df684932e6fe602133426c98f,22cc1d0fd,47cd184bb
2a5c69145fb62d2ce0f47aac1233e98b8336827e,604acf94c,f1e5ec710
2925d6a14647a07890f831c4111571b00712b035,edc670ab7,49ec7b202
6af8f35157f535a7cc27633599c635b96fe594e3,d4fdede53,72ef04894
bfe1be7f707044f041beb0d9ed0e837edac2807e,ae6983f37,da5122f2c
f68e3ba9b0c281a34d5ed93d994308cf126980d6,bfe1be7f7,83ebbd676
73f32a47e4e5460e57cb26f8cfa1d2d1d21c77a4,35520c33a,dd972afb5
a7a33b41f1894614e79794dfc72edf8a3892550e,53a4c422c,73f32a47e
9ece26ca6a638fa3e60f08197d2f3f481da6aae9,77b906f47,a7a33b41f
44f4a24c650ea2b805a699858115ed35e7ad9a48,7ad2da5fb,929791073
caebc54db970b68146908f769a71cde06a812bbb,e4a537d32,73f32a47e
3fbd3d8411a8562fbbb868167d6ca1548e852d8c,db4212daa,21f8287e1
ddbba4da458264f7bdcbae30443321ca86a283d1,befa40574,047312afd
e620f77898bc836a3c93871285b19cbf81cec45c,ddbba4da4,69be41170
2c25d84381f661833d9bbbb476fe155f253f39cd,1b0196d21,d9c194c0d
25ddea3ffc1f2931b5a3e11bc0f33144d6330cd6,2c25d8438,a0e207d40
720be04cd0532a0ccf1471177aa36bb2ed1f94ae,2c168c7a2,059ac3b78
1f6a81745483ef62c654d09810749809563457ea,925cc615b,2a21f0722
f0561023d2d7a2e9d6e920e71c674ab4a0b97da4,1f6a81745,a0002a252
4bff8027f67df7feb14edd48a82ffe980f6135aa,954e0d4c5,7de50700c
d1139be86192703a1c24204cde4133ce8dc8ea9f,f0561023d,9febb9f6f
5aa085ece8038920a8264bafb8f78063d0194ca1,b00c12e43,aaa5ff5a1
3746ed76b0e0b25df8e687a17e2b7f0d1057317d,15bd2eb59,16934de65
8b21714c693bb971f075162d4bbbf24102600aae,7b6eee6c8,4e6992d16
20c64972e460c19863cd70a522b97355ecd106de,cdf2d9712,9c35a4a25
aa5715ceb76f00911da0975005c1f7b79d75584f,cdf2d9712,9c35a4a25
1ec9e16e615d1b40919b1f19a53883572780ca2d,aa5715ceb,d9f32679b
6c8e5e017f3e89a93beffd8a754dcc5d2024eaa7,e3c266c22,7763aabd2
08b31c046b8be4c54d73bb109685d2dbba0f3a44,f77be6f06,7763aabd2
cf8adb6763183536c8bde50d29e6d03975cfdbfb,6c8e5e017,7d0668755
88bd65909b82b75247ce50f1f7cb12d3cd9e3c50,d04571028,b76b3f665
bdc4b8e355d86adc87f528a86631a1dbcf73da6d,88bd65909,d604e60bb
36575a5fcedc8c1f32033b23c7a23d9584b7665b,5e8b86dca,bdc4b8e35
9e4ca1fefec45a30d6089e7c3087fd0eb7c454a4,e44cf611e,36575a5fc
4460aa6dfeec17a81178e19eae4135dbac446dc3,7f26355f3,371b201dc
4e1c91177633e6f56b03a77bf2d6aa0cff20801d,4b0c40bea,4460aa6df
454597def7d70a549db89e2bba9c4809582d75d0,33d85e25c,c3e93f8e5
2db079513b2849316d17ddf5f251abb45fe52390,54e5737b9,454597def
d9d93c5fb6a8d60c085d18ba0d42e4753ea30d60,54e5737b9,c3e93f8e5
7ac70defbfc1e71180a5404e00837a8bb45f4f83,d9d93c5fb,2db079513
c65f149012d83e49e9a7cc3226358b877698ece1,4cd01ca9b,a20872abb
edd94e27f5d638de55ca6f6fe3f46d3172a46494,abb8947e6,f28781d6b
af23673897bf1b41dd2a2279d71e73a6ce524e99,c65f14901,b32149627
89ef518074a4cc4c610120a435829665a495390d,25b908426,af2367389
286b29af8010ed0c01bf296fd1612b5b42d3acbb,af2367389,d366f146e
44f1162f18f79cebeb0a675247c21aa0e1850e90,e153bcf8b,b14fa21c3
66c832316ae93188b53b961fdd9fd8b15790397c,d3d7581f2,09037a938
6e74d62a8e52f60cdfc5a2eefd49bf2306a7587c,7ad319a42,b047812a9
9957276d96ba6e2f9bded3f90275fbb1809fb374,6e74d62a8,fb347bfa6
ac7dfd098dbe1ffd661d53c1b18bf1c0e9f48612,9957276d9,c86482c9b
3b5c3c22538b7832dc4eda96c0f6747eb67dcfe2,4fd6333fd,f3d9cd882
43f8921111208659bf7edbfd4385e21fc581c326,3b5c3c225,2867c0976
e05eaaff999cc2f063a8af2626e1ff2657b54de1,bffb397be,43f892111
fa8abc461690a0f0d27e166acb813b528cd93f83,86ea2b17a,8942921a7
807f833baa6c49cf00e770f4fe587ee90beda839,fa8abc461,e05eaaff9
d5ad745f4ee7adcd2e484f18f25c48a650532644,c8ee06d7f,6f6276c34
68feb27dec7e6940afa61f086fa311adb762a226,9dce097af,d5ad745f4
75922bcd32d81d0219d6d62fa42bf5ca8d107398,68feb27de,d2caede35
4e90bb1586ba1a173ceda58b79b9cc0fc073cc6f,d5ad745f4,d2caede35
5bf107a36354280ad888feac0bc222a99a4f9711,75922bcd3,2b0efa0e5
76b53ff04a40ae3afaad812df39d57664c2cc6e6,5bf107a36,807f833ba
0f9eda70fe40563c524931e852b1589a3b6e23a8,807f833ba,3ad9a5a38
3b6de909144d9379de0e250ca4f3fe0481937e99,0f9eda70f,4ade916cc
3ae51a0127aca8800ac8f27544cd2baa38d86464,3b6de9091,0dfb70b7d
1486c164492ed83cc6a318d9cc0fa9b12503d49b,8974ed6ac,b0407abf5
ae6df5e432eae7e172685166fe2b813ca51c9814,8033cf0a4,0dfb70b7d
0852fcb5b011eb91bfce62cb2617fe5c8ab36a8f,549f4e2a3,b6b77655f
c9af7b2ae895f0aee34a6fc9d0e3ae110ba230b4,0852fcb5b,df8f8b9da
1f1d05f4e817dcdbd110f56b028ea341f933512b,c9af7b2ae,ae6df5e43
371ae3b26d315d0abc80b79eb378da94e6a2088b,fb647daad,c9af7b2ae
daa286ed4cc6c1d78072592a5b46abb092a8d655,54c90faff,1f1d05f4e
c499c66a0e855529d6ad372e6e2cfef99dc43c9d,daa286ed4,681795710
e62c9ec3764925a1a87c9d4d9619817d96452550,c2edaaa09,d5ea5a555
9365e1605e73764a3e435884872c4cb96ddb4454,0516af282,5755cdfcf
9aff7efc0be950218297aec60daad4fe88ea08fe,b3b7b43e9,7355a99f3
5a26383aff3e510eca55efe9a106d65bbbb4efae,4b99e6702,9365e1605
89cadb49a81b8ce1a971757dd4e6cecff5855d08,6ff946e22,d2c8824e1
ed2489476d6d305f539a7523cc2a7941aed82868,89cadb49a,b3683e1d8
4fa61a9b8212655300ab78a4fe0ef4c997337e1d,2c7ae4510,6af5d2fdf
3e2c9de02c714e4a787b9d6d6d34119eefc42c56,e219ac64c,f01909247
f748dd9a514fb29f62cc02f85892ea818cf47008,e7c10f36d,d0745eed0
68bfff1cc76064eb0c71e35901ea175ad74fcad8,aa935405e,9db25dbca
b9b300155f2eaacdac2e2ce795df470f2a4a6445,68bfff1cc,41e1c17ac
149eb6d540056d00f1aa011d1a13b19d94b6c91a,33b5e934f,b9b300155
eb9c4f960969ec9a71a66a958da0e0ecd22e45c7,98fc36880,5c596e696
59459b29e05b47fc297e63e46dc4e1e2980ce62a,7285b7efe,b4811d1a6
d07b2cdf0d6e80719cacbda8419cd2e237d84535,dedf24945,fc1e97ee1
4c13d6ac8ee5717e65f3ed1a9f23eaa3d9973e6d,5fa00864d,368f2c4dc
20e522e2048f2825d17dd5b34796bbc4478482a6,56c93558b,43f3d47d2
a1c9685e2a97a92b26c2926325e470bda89232dd,0d53b8206,dca5dc357
6b04e45910bb84b841575d77e416157d9e174976,7c0110599,a1c9685e2
706c88dec5656ccd56f2b5c892ec025e0f928222,b0f6d6582,92b1a1b6d
460e33d6a5de9ce6697c3b9d96c00edafd6f0217,d31b3d485,fc05a682d
ede305cbce40467b5667f64609814a5c02233e0d,c0aef39ec,955176ca7
77da329aa67bdefa11a8b3f93e74267dd9e80917,6c05f1078,497c4cb8f
26ae5b949e1b8d8c1b3e5f23fcea22663540c277,83b58d70b,a53341a8c
aeb05f501d34ffd070fd09b7558347c58da8de7a,26ae5b949,3841c7490
ebcbd5c6020cfa953ee51176d7c45aeff5463a7c,aeb05f501,10b8628ac
494d49bd1ff40d6f215c8257abb9b4a3fc61286c,d74a474c9,0b2ef083f
eb5dcb6e37dafec11eada9fed2aa315787c8f770,07493fd2f,494d49bd1
2b0bee611af6e4a49e854088cfd36f30e1dd7378,37986094c,3363fcc5d
e5a49a216badbe7bbc445ae94d48e653f23e488d,a3d714263,bd11b4603
6e2866c9f24072c3714c9083350c80a37dc767f3,f37b6e2d5,bd11b4603
65b2b383dcb7a2b6fc61d91f0a764a3a1bd51124,148a4dfe4,7619869df
edb7cf51d30e98fe3af95b55bc577bddeff7d2f2,c75bafc11,4baec2d93
2f5deff40353761d74b4255847b138a1bc324af5,26a2b24b7,3e197fb6f
6040ffcc5de204fabcf6094d1a404bb2f4a405a4,e5a49a216,2f5deff40
17b18a02388a66c92cf360107aa0955dc062c234,e03d78c66,8ada0e308
1910a3ea2b146d707e2a35b4053c774129c8538e,b59a6eaae,8ada0e308
1065da5249c965ad7e523ebba8fce04900194b4e,83bfb9ce1,f9687d62f
8d6f4fadcea8333c562445912426226587b3312b,e88d32d42,9509899cf
683873e458603c4a44c8eb152239dd3153db8969,994c51bd6,3ba4e3534
8bea392a5ffd60b9928527e2789696bf1b9fb545,0209a40ed,683873e45
d58eff0cb0fcf1b0e5ca458d11207c52790ef869,b639688d1,60d5087aa
3ac79466607482b230458966beb5ba16570d0501,6f1cf577b,042da34a6
01329de250e783510f78b6225e3f6199dcc6d83b,13fbb1df9,8c7246469
b11123c7fbc570b38273f333027862dc828af828,01329de25,e12fd4986
bcf4b413b41005416449852f5610f9185a260bfc,61f4d167b,1f21e507f
d72e37fbaae213f01047cf9598e63b7c3f286848,471702074,a24eb465f
9702607f6213cf072715080ff7e08eccb4fad3cc,566b4bc71,01fad80c8
1f0db5f73a2b0cd4bcedc5e9077f201f038abfe3,d55c7713d,6efd96c56
2e6afb2ee0583fba72d76f49d8e04a10b734f7a7,098653456,b9e135dd1
be0f1a845a5c23532571f8f9cc998e17e2918a08,cc749c73f,dba178665
a4e1ba21fa6c6628528af81588046179e1950b36,d00bf6ea0,6a899cd17
c45ab31e65ec7fd5fa854e87e87d48f83f3a5f4f,06be27c2a,36bd7f12e
23c9b2888891447daa5f3376d7935a9f3981a962,17adc13c7,ededaf485
3a5713a56b3d5cfd333ff76bb6bc0d3ac8172e9d,06bb3ef5f,83e2957a5
c9f259ac179661d0f4744854aa40f3ed14f3cb38,a5fc07d4d,67443e6dd
b6266cdebadf1c9b53440f62a35ef5ed333faa20,46a88297f,012ba093e
b87a99f1af09c9fd9efe02cd06a83e769958a7c4,f8849e527,9c679202c
d4ed7f7b169a8ef45d185b384542f3bdf65d426e,1cb553e00,e846df202
051ba547009d44e05472350c3c5eae6c3b3ad027,d4ed7f7b1,98e70c50d
b7640a0ad38a10f06c0256ef211352f9f5f023f5,051ba5470,47a304b15
57d028319e860fe162733071fd172f2d6384bd91,4157f74bc,47a304b15
3d6209ed648cdeacd4df3f7cdd970462a63b2b8b,a1be5c617,05721d7d7
1ea0b6a529ecf8fb77596fd2d64abf8292d2f3e0,c6a903447,23b700148
b46181471995a42b7c2c5a9f214bb693b5e3108e,12b94d049,1ea0b6a52
4dea7eb3ce91c450fabf5ee1590c2f437f4ad3ab,78ad6f2a6,8bd8f0435
ed4306c2f254541278eacc95a400d7cef7f64bac,d3a06b5ba,f92c899dd
67942401e64232ce09052503ac9877c8fe707a7b,ed4306c2f,6fa13b108
0f08b3cd413cfd287b670a2e29e3b4f9b4a6edd4,67942401e,b46181471
e8672123ee99e998f6151ba559745cf3dfbf84e1,db422b68b,258f15d8c
3f93110d9271126dfe0149b59f3f552357e94abe,8bd8f0435,e8672123e
045adf6060dbe9062c40cb6bf9cb046c30c713d9,b1eb9ba39,d3985cdf2
0c46f672d25479c46e9f5be10367da0966e6f69c,90904276e,899b53ddd
70fd0af4ba7932690ad34240b92774024a97b1a4,899b53ddd,77092cb29
8ac86e21df8e6d1b142bf85941435bd8cbe32e25,cd725ea53,70fd0af4b
11693e285ca64e8486697338f30c1bb2433de194,059c7ba43,70fd0af4b
5fc0321f83ac56788db23d992b9314ceea0c66fb,6d24579d9,11693e285
97e03a769c35a102189b762b7d058d477a25387e,979f52a51,cecc55e68
b01a8b2e5fa444da6733b3ac457e04908871ae3c,f83514023,34346f515
02513d5536743a46864de0d5b2c9e6a2469fd7cc,17d5b4222,b01a8b2e5
0b3ec800b3cc585304680fea15e4d4ecacca33d2,e601d8bb8,b01a8b2e5
983dbd031b100b8a9bf5ccbff1901a666da34026,23e600eea,b01a8b2e5
52c3fa138c1c852cf15fb054b0aeef0edfb1f680,02513d553,7d5e323f6
b9d885faa6516c61e217928b62984a7d115d4add,ba1512e8f,983dbd031
2f4f886a39e0ceb59caa209798547e82e62be138,52c3fa138,b9d885faa
26678f25ab4fb3c397f6d6b7790929c5bd61de0a,2f4f886a3,4ec9f6c45
988643f795a43d5b53cf672c1a6309d23e8505ed,26678f25a,51c3a7d1b
f6ce39527300b4fdf21a4c7d00d81994d69e1be8,988643f79,a76d91d4e
6e128c00014e9691cebc89b4846155f26df70f6d,f6ce39527,1e950719b
204f594d9dda101a7b80fa01dafe85beb46bbb36,6e128c000,dcd9d5783
8fea16871b3e2a8ac0342128dacc0c3a6b0aec36,1e950719b,d45566c1d
ad0a6b220460ef3d2806d2e631588598a0b268a5,204f594d9,8fea16871
475b823172ca907cced8e851a9bb50c4faf0c5a5,4bc49d896,bac0fa7c8
1860e5b1dcd4eac62de452f4cb484f1a1d231cbf,ad0a6b220,475b82317
955ea7f5f89c4833ed62d3797040df190cab5119,ad057e9e2,475b82317
2601ab713f842107e0d50c85231920f4ce75c142,c4dfa32f3,d327272d5
717153c5b522ea8bcae43b08af0b21f5c5247a44,2601ab713,b452a8ce4
a54a944c785da471d8e9f053b26e535dd88dd619,63153cd37,5231f92b8
dbdf05c48bc3883d2c979b932688c013777c6163,40031f93f,7cb86243b
72bfb73128cbb687ca1c7930958021a50b2b6b13,e8dc28e50,dbdf05c48
ea2f292134244ea1bed2b3b5775b3fb0d0a1f62b,aa4d73de2,b7ccb6f2e
5608a20056e5aa1ef050219d0372724e7c57f6f0,6140f785a,ea2f29213
ee0c4750113e19449a0627a10bcb37e36480311a,5608a2005,50c043cec
b648fbadb7de13323256dca3f09d75f71bad3ded,207b94a3f,b255dca07
247b6a3c55623bc070b8cc34f9441537c9aa5860,8359fc4f1,b648fbadb
946e042a4fe3b1cea16095f4bf216a8968fe8140,50c043cec,e8ecc7a72
65b484f6ed25d0271b4df4dde869524890288128,e635eb485,946e042a4
f2e82d408c1294144931a37bef70ac4f7982f2f3,72bfb7312,e52f4911b
f299001fb82cdf817e4c64e79b2c9c847099dc2c,f2e82d408,b66ec96c2
5f7757a13757f0f2e65479667d9e7d013f8d9990,b8d8a0d85,0893ed2fa
7e589d7585302e2279eaf1c098548e9bc6ba771f,8e6200302,2c0af43c8
2423a4ebb810f85ffa7062a3b18ab1f90f94b708,c1315956e,8c07e32d4
69ae69e896350d636770dedc404f76f9a433c238,7376cc64c,cca94e748
2f32c9ac8939bb3fb285824fb984127e23b01435,46a0ec885,d8f6c90fd
9ed2ae80ee6bd6c9f0260f262937f4fbff8e61b1,242fc1062,de9ffd0ee
c3b8777e5efb1bd7c52964903d20fd8076fc0de7,50c3abbc5,de9ffd0ee
02420ab2e76d0d1aeda60a762ee3256ebf51bcfd,c3b8777e5,69ae69e89
2ac361e5caf6843fecd1fcc2aac42affb40f8886,6c31fec8a,1ce9886f6
a69271a3883991282937eaed70486986fc2ed5b8,351e72963,2ac361e5c
2c462cebdf47933afe48bef56e787c0c92349039,9ed2ae80e,1ce9886f6
c3cda506b04af213b7b5e4066d006ae3df3ea207,02420ab2e,2ac361e5c
f5628c4d35434f42379bc9c8cd57907c2c6cb26f,86293a357,351e72963
e8fabf34e12c5364452e985cae151c2f941a135a,f5628c4d3,a69271a38
2150b1d6d89ae91e85a3e85d4452a369a8e214fe,2ac361e5c,57121fadb
2cc78399e6a3a2ed3c870cf28da4a90d0333ebad,784fecde5,57121fadb
8b71751962b185f13090efb520efdfdfb93da3c9,e8fabf34e,25e298227
b2be54fc960d1ffdee56b32a779207376dd2adf5,611ddebbf,abfbe2268
cc8c363437f74d14500b56d8dc7e88913fe5c80b,c716080cb,b2be54fc9
66f5a7967e29bff8bae3aefe70285a600e1e2f47,cc8c36343,8a9376aea
3b1167429f956d7a18434ac18398d949dfffaa5f,1bf538c68,9e681935b
a5ddeb7e265f3b83d6f2d9eebe62608a0bdbf1a7,3fea64709,6388c9439
f3cd4f9fef530b4f10cbad1b4c884be2b551ee9b,c94ab058f,e49102302
10ca233c3df0fa03d86f953c13503a27026391ca,9894f4185,e332dc46a
cbc356df04fbef91b6ca0483bdf876e07065a96c,a3f8195c6,8e117058a
0a04cf95879a2a357c9ba1795b327f7942b2ccc0,e4f512155,74e0d9447
77f7075085932c2b0b4109217495466db53f1c55,0ee9c95b3,74e0d9447
bf93459a838ef85f49ca91564ef61447220c1ca2,1c3ccf5e5,74e0d9447
d2687eb24a03f2e6e72dc964437fd8fbb5bcd837,bf93459a8,a94de0b75
e03c9891df4d93dd94d53b99e64cec15a6f95eb8,6448e71cd,d2687eb24
c3972b6ab375dba5a4cea2876738e3db9492cbbf,e03c9891d,e081a1209
50f243fb50086f2b0c20e3b3c27bc599fbd9cb74,4d20385ee,d2687eb24
9551750fea6b63e2b10112748bf46418bb5d9a87,50f243fb5,c3972b6ab
70fcfd8688fae877e7dbf876dba9c54cbddf06f6,0a04cf958,d2687eb24
f8d4cc200995ba30f8c6caff7f770841a2b58c85,70fcfd868,f13a9a06c
5c76a5a0c582ab724db5ecd6941c155da776e800,67e2bcff9,f8d4cc200
31573577a702a7cff6c387ab7d6958e3de4a8965,c7ba908b6,8b135abd4
c856bb0819594cc9ff0227123d65e2b3b016b0c7,0f8ab4573,91da56d44
d92108cdd255991b17dfd858ee220ecf8eaab556,0f8ab4573,91da56d44
6c1d6ccf2ae983e2788ee388da5cf9dbb10fddf3,d92108cdd,c856bb081
02342be701e9bec1ab38be71107c21fd2107350c,d92108cdd,c856bb081
c5c24d75ec20b8457e03f2fe50d7fbb9eb20b64d,02342be70,6c1d6ccf2
2633ab482f09907b2f2564c595693d241c75301b,d213fd986,3a369d955
e8ec37b8db1f5067056ac2fafd797be2d0003a6d,2633ab482,d73af5d0a
a0ea68096ed24163aae5dd8149219449056a4182,914eac058,add290481
deeff41e366d101f42a28d355d056d24c3264a75,add290481,acd8a64f8
a01e4deec732fcf31546853898cf73c6d1bd3632,deeff41e3,fe10ef045
6a88af261391b1b93025d1cf9839d76c88b1b78a,fc1f06689,a01e4deec
390f9a5558f2bbc3a034065ad083a3a897a56d57,0bdf2aeb6,cd005df69
ce113eec31ce359ad224c3306659ac16fe96a3c6,a01e4deec,390f9a555
aee112d9ef0ed960c7bc9955d7e85e6ed6ac91a0,ce113eec3,d2694cf11
491863359fac1b2c67fe6c1a719ef4c1f569c22d,aee112d9e,fd5dbeb51
700117ff82f18bfe5302ce356a136722b82af745,a0ea68096,aee112d9e
0f5c074994e40b489f92f251f739a34918649805,38b330be7,608ad0630
e5e5a2e16350bbb661e22678f103121c7f920a07,e64bcd8f1,2856d51fd
a1fa2f643e9bfff7971e74c70de9557d0fdcdc23,700117ff8,e5e5a2e16
8e088b98d72838606656cd543dfe74f157fe0d7b,af20132ad,9f6989861
de2f94dc9ae2f2fc31e153220c5d8ab22e156922,fe1b41525,55a5b7438
958f8cb642db40051a58f194757182ff00f4a714,d0bb21a97,9f6989861
ba1eaa96f9dae30bdd14ae99fc5468d3d6dfb877,de2f94dc9,ed45d3d2a
667da20ab607dd8ad146e3ec4b9a46d408eff98e,311788b62,40ef19a72
f4edf7e31ec9dfd64cc37466f4629a29708e907d,ddded7cf0,ea2c4f036
a871824d23e054cfb4722e0ae8587e372f567427,7c65ab72e,ea2c4f036
3481e4c85827a98026c9d80d4d74efa3cb90c703,a871824d2,d2fae73cb
4957e952aaf836b9eda3f178de348380c7d9be0c,3481e4c85,3d8ecf29c
34c9c1d03ff0e1e0cf990b73534ce9f47af2f2b0,b470708d5,4957e952a
f269819c1f4b7054707c09286358c34b49b73516,1f057d7e3,34c9c1d03
a1873ab624f024869b88b12c76321d97cf94d0c9,9b93e92dc,f269819c1
056d93c1b5487020e0a467c3a02371b29f73c339,c8ab434ef,24dbf6165
dc19e82b62cbb15ae91ad8575702a12f93a32d5c,056d93c1b,d59d3918e
e7c7b7964322e514230a8939d0565e22fa2a0017,cccb8c3da,1d2bca87e
c709be8f0ef5ec3babb0d68f6ab5c111d73640a4,c41962885,e7c7b7964
b3e72124eacbf68d2b2070c04e755ca6e6bbc4a9,d37df6b76,e7c7b7964
9bb1704a6f1ec6be1fbf0a05626c6f62de79e409,b3e72124e,c709be8f0
fbae492ce7e51a21d7a42da0695b17a7a3d32521,e7c7b7964,be89c224a
f23e641f8ea3495cafae6cd46d08610458f72174,9bb1704a6,bcf42c7fa
81879097b3f07fb16c68b821528b21fbd79dc293,f23e641f8,fbae492ce
39898c14da6b6f6385849800c7c5df09855036d8,8b0a7c292,20dfa29fd
ea0c80bc8005d92bab5a72a794d99cff57d9d995,f70b3c2cf,d1b9bb821
3fbef943c69a4168e1e7690b3c080a5d7a9046ed,ba4127c51,366cd06a2
35a887e751042e6661d2cb7db126f12086aa6c88,05f23ec16,e90fa82d2
b687f0229102fa8893ac4d6d6b84ca0f33c7fbfd,70718b493,fa3d6f6ff
0aa7f4273115593d1ecd08d85be757b3dde75c8d,4e628fe96,ab9790584
1b895b2c696d67cdca05fb34125b6f90405d906c,0aa7f4273,40a3d99a2
a95260a15ca55d3f57bd2b4e9fde650d59316870,1b895b2c6,581d97a47
b8f0be4bb762a59fa15c1b2d2ef45bb09c14f6f9,d15b6059e,2c6b61f19
1935c6539d40aafc29a84b2a03655c99d0885bb5,b8f0be4bb,21ff9346e
c8dcd820a726f0885ed4bb700b56142e2195b5bf,4f8c97895,98643ea18
5e7ef39f167cff3a409b37aec4d11ddb5d896599,210a2bdb8,89ded28e1
a86a9e5a05cb8afbe94bbd0eb23999e39508b8a8,fcffeb5f0,e77ee0f00
be12a285a740b92c9b1f0e60aafc225e2f4b7076,78ae5d5c9,c54100d5f
82072ac24ccd907f74147de42811037e467a039a,6889d34bc,c26373f1a
8b961a7f6e70c02cc6edb8a7ac05ba9db79bc066,fbdb01664,5b70b5059
c2ee34404f9f7320942e89c9dfb5372fc6e6c5dc,5b70b5059,87914feed
a23595662b473a10e7160ee492fad231c99d7cab,8b961a7f6,922ec3a0c
c94b8c5ced0495c9c79c453d0bb9733bbf657a2c,8dcc83373,c61182a18
8c6d25d64ba1f090a0eac772ed636b7e6d12ff7f,c94b8c5ce,0d9a47dd8
abfe4065676d6bd4fbea9209db0253d274d46345,8b309a0d6,22860f8fe
eb5d559c0887281a6a5ae2d7af717adac00bde1a,8851652da,b08ad6560
41bf1dbc5482de812a69ee5511a8271dc9e51751,eb5d559c0,3cfcd7068
90c0b5ff8c07ad75a5bce790a2392a944644b41d,a23595662,4964e7de5
266221ce339ed065f06ffd0c6eee17a8079edf94,90c0b5ff8,db6ac4478
97289e6a7930302ef6a77937ba943748d2171db9,266221ce3,797b7c66c
8efee8af2ebf1db74aa2c7ec22a8ab7106aedd22,797b7c66c,113d234a6
8e6d7664a66f26a593a8c58caaf35c8cc1afa6bc,817884548,e79f9c0d3
e8f76ee4e08d65df9b160a8e5f0a1a16927f0816,78993140e,6cb445015
f7569b15589b472ee67b29e2d21702c6b2a48245,ea2ee2367,382976eb5
84d42054691db08e03045c5afeec9e31227c27cb,d44ca52d9,e0f188591
16db905368f858e336b5092fad463c77073df5ca,18fb799f8,55d9ba40e
804249d388ae4b10b4d21787fc5ddb7b504c91b0,7ed0b5e93,649cd7e46
84ced2f1792fa11ea198d564b696aed34967ecac,251f2d355,d9ab0b59f
c443c10091ef33d37f22ad57364d7f33f9e5cee1,84ced2f17,44b9bc174
db5340d25ad1ed997dd974735820829db2d75adc,2df99c950,5747adf7a
784e76996cb8fd9157a9ef33816e814ab873e61c,f410f6632,d007b7cc3
9f793ee0d1f8ed8c7b27e4ebbf03269e28f60e79,784e76996,b56cc40cd
03c486f670b1337863f59b2bdd5c5775ea555e23,9f793ee0d,f29cff808
79b44b740ed0e51b04d4a58c35efd5eccdc7ace3,ca8d616d7,0b5e296d9
a11c4f93b947c114c503671e9ff4ee7727f3b9f8,b5fcb898d,a7622c1f8
5f7dfa8d677ef4542f1c2f946cd1024cfa8f9643,a11c4f93b,30bbdd5a3
62a5878747b54d3b978ad373a32004c49176888a,5f7dfa8d6,d4cc06a81
a368b2e49fce4c672f9f3dd2d1b51efdd7a6b76c,62a587874,da027c470
0b15452f05d61378ff6b069edd74e83dac47f0e1,a368b2e49,f87fb2b68
7a7c8fbc84f71a35c5170f553131d2ff6c40e9b8,0b15452f0,d4cbd6699
d8787c47905ad11c8b53e6dcf69a226c3eecc22f,7a7c8fbc8,b453b5340
95e0c8681a4f3377e1d229d46b7aef8e57994ac0,3fd7ea8e0,8b8f12ab1
cbc5e383f156c1ab703750e951663f67fce353c3,f1f574e40,c8b6485c4
7ee12b1482989ecf66b6464fc1129b89f091ffe9,cbc5e383f,9d0a32dca
f0f2ac8693bb2c092be6c13a916dec444b35907e,7ee12b148,d540995ed
25800b844bf40082243e6aec27fbe5bbd2d5756b,1b31ab8f7,a2adb70f8
3b4dd8dfacac70835c751cc57bda1d9c39f84a20,25800b844,6b4c17fe6
99e720748415b55fd2e789c57483b434880d7c75,e63901181,96032b911
9065ec10b35e4ccf5b67eca18b5b2c91066e7f46,3d6397461,cf92ed7f8
de7cae0229e83c33111d579797192d2dd55b80a8,11c866445,7c9af854b
044e96faa78a0bff7dd95bb72482e42cdf599f67,56e199def,f29a9730e
28e19b2ea11069fd094cd7de8865114c7e40b295,044e96faa,6d8c05d9c
6644d3273b1d64947472df203cd2bbd532a53f5b,265b4c927,7e774cb86
9bda8f0edb48f46e85615715b91ec4f42e7721ab,c07b77753,de1ab017d
f73707a351144d5edb87a282e6d626af1b655e9b,9bda8f0ed,c451ed4bd
c6d419a3bb63390f9aef6f85b262b4f30e426eac,f73707a35,c51a598d7
d8c9353d71b7d0966d57702e2f03d17d693b6778,c07b77753,105915d40
9bbe12a2c8f40f9ad579ae7273b5a9673b0595cb,d8c9353d7,5307345ed
90cd6a8f5ff49005cfcc3ca8c38b42bd353b04b1,9bbe12a2c,62aa59332
eaf9b6f38f4c8a8868c6258017658c300513fe1e,90cd6a8f5,b1b68a34a
b762a8070e5dc7e101b20186429525e00bdd2711,3f0fc7b3f,0371771b7
58ab1dc5d6960c73d8d75ceb41fec1c594c5c0b5,8724f649b,453ddc113
d5c048b3611ccac863b09f1c1433d0026748e77a,c080cfc63,d7d7349de
83588886e9ced07538da76340feabfd9172b8312,5aabfbee5,c5995a789
a569a2ad2f5d9d7fdc19889a94ea6c1b2578339a,fc8a3c80e,912e2e7a7
6f63a3e274a75a553595d787b3e11f6ef19e573b,1992acf64,d43d736b9
36016bcd71a28ea099735e009a742a2681f18f2c,130e8dd51,c81abea82
a3f45dfaf507a1e1068745bc041b969426627280,0d5dd5186,ec23bb2de
527bf869e5d9197fcd0dc7bb97d8d32e3141ed7a,a3f45dfaf,5c4a4a9e2
0ec00a1822a9d65b331c27e560896c59c9fde559,b6d6fa1d0,babfd90bd
0d5a96d4e02df8110da9d96ecab0784a3ee19e7d,5d604a1dd,bf2309cb9
583a7bd5851c7915dd6143150bb4caf21495e9c8,0da292d55,0d5a96d4e
216bc4b172b31b1be455f37b36bf13032e5d9a6d,d92829d8c,ec2fd872b
b1363b2b63219a0cb71d67e6f2549cb46f484593,891dd95e6,d9fceb0ef
e8125ef3e49366c269aa978a054fda2ae4a7c50d,b1363b2b6,815a88216
4e31f7430b83f2527fe94c4f184e93c9c9a5f2ba,e8125ef3e,5504d0aee
27387e047883d547b419723b7adbd89af81159b3,4e31f7430,a4b2678e1
cf0f0c586a07947ec0766f1f3b91cb3b846efa1d,272cf2cb6,5c717f202
e55cf7927d3a305817a1b5b2b56b1a773f553f78,de59607d1,ad8713387
f1f485312631454791fc1a36896ddc50b160e836,3a1f46046,cff89fceb
46df86e433a53e8391c7942be377e6c102970ee5,db6de769e,036198429
a754f35130974b016240a8f7c4c6931de414d277,46df86e43,25e4616a8
ca08a06d8892162fb40dbadc58e7966d80f02047,a754f3513,d2190fba2
495a23425cc6baaab91c9a057da6bda190a0f129,8addbf760,d310bf281
1592db01ad41a819b88d2ca4092151cec0fd6c11,13a4b81c2,3692fa3f4
5f0cd8bf4c10bbe55f0b7af4ef160e0831bb37c0,e63bc530c,924c72f12
037a0dcf6116475b7d145a44b487b6cb0d31147b,5f0cd8bf4,c7e6ceca6
050ec929eb6f606957360ec06713e3d3138d2a04,f3801cfd5,fb9cab67b
aa51b0bd36d8a016fbf5be9244a8ba28b1b64fe8,a45fc83a1,2b95f0d48
df46fdcd58d4865b2b95fd899440dd31d99b3b98,105d1edd2,b38aabe1d
9202548d54c58901bd3afa4e64b2401d411ddd36,d25d16986,e65b0e032
98cd4113027db21e2c72c582e5c875c3e115341f,8c068ac50,3ff1cbe47
dc509682de85d30866f2ee9baf2f876602e96004,6050ab929,810129c6c
4cc1c145819030c8e2baffe4c92383de14b8d880,dc509682d,df73cd481
9c87ad83de4c9092960f9f5c657629f37e81cce1,95f60e8d3,1e08ab100
bc10986c516b420dbdf35f03e1a0c898cc4a185a,5f51537c1,c7bce4d9f
6faa89972cfe657e326801099fe923bc1e57cf8e,1ac3a940c,8c6dcf82e
678ba81d0082692f579660cea2eec9ae3c852000,9fa20d477,6ebecb034
9c668066bb008104302fba1acc6b8adc1fc690ae,640fbc733,975459c1b
d1926e511f55dfc51027307b0b46dcb786cc4c3a,c3a83603d,bc679b7c5
d8068f39df3292bd3f9549d47b9deda3d2ffd979,d1926e511,91b1f090b
64c90eb8434978a398565ecbf578055c71e0dd1f,d8068f39d,797098540
b30fdfebe30c9b6e37b9fbc3fec0ff74cd19f997,64c90eb84,24c829027
d53d53446d7d8f4bb2bb64805c17f437c170b958,71cc55cac,f88adc48c
5b09c8e744c3d29675a3e5d1916aa34199d716d8,d53d53446,fb2355313
aa11fd1442cb04cb467261ac0e74dbeaedf4c8d7,c927688ae,695ae8081
74b2c0992574a78da529452add9aa56fd7da36b2,64726a93d,082012224
c7b4c1b8b6179d0f198515c26137ddea5dcdc411,fdd2ca9fd,bdb660a94
3787b4fc83fe68151e301dcdbd4e366dbfbe35e1,c920c4b37,d3e65e618
4b6f1ffadde98e445ea4d991e238052b96dd0925,9ac9f31bf,10fe29067
